<entities >
  <entity name="act_customer" displayname="Customer" etc="10361" primaryidfield="act_customerid" primarynamefield="act_customernumber" disableplugins="false">
    <fields>
      <field displayname="City" name="act_city" type="string" customfield="true" />
      <field displayname="Created By" name="createdby" type="entityreference" lookupType="systemuser" />
      <field displayname="Created By (Delegate)" name="createdonbehalfby" type="entityreference" lookupType="systemuser" />
      <field displayname="Created On" name="createdon" type="datetime" />
      <field displayname="CustomerID" name="act_customerid" type="guid" primaryKey="true" />
      <field displayname="CustomerNumber" name="act_customernumber" type="string" customfield="true" />
      <field displayname="FirstName" name="act_firstname" type="string" customfield="true" />
      <field displayname="Full Name" name="act_fullname" type="string" customfield="true" />
      <field displayname="Import Sequence Number" name="importsequencenumber" type="number" />
      <field displayname="Last First" name="act_lastfirst" type="string" customfield="true" />
      <field displayname="LastName" name="act_lastname" type="string" customfield="true" />
      <field displayname="Modified By" name="modifiedby" type="entityreference" lookupType="systemuser" />
      <field displayname="Modified By (Delegate)" name="modifiedonbehalfby" type="entityreference" lookupType="systemuser" />
      <field displayname="Modified On" name="modifiedon" type="datetime" />
      <field displayname="Owner" name="ownerid" type="owner" />
      <field displayname="Owning Business Unit" name="owningbusinessunit" type="entityreference" lookupType="businessunit" />
      <field displayname="Owning Team" name="owningteam" type="entityreference" lookupType="team" />
      <field displayname="Owning User" name="owninguser" type="entityreference" lookupType="systemuser" />
      <field displayname="Record Created On" name="overriddencreatedon" type="datetime" />
      <field displayname="State" name="act_state" type="string" customfield="true" />
      <field displayname="Status" name="statecode" type="state" />
      <field displayname="Status Reason" name="statuscode" type="status" />
      <field displayname="Time Zone Rule Version Number" name="timezoneruleversionnumber" type="number" />
      <field displayname="UTC Conversion Time Zone Code" name="utcconversiontimezonecode" type="number" />
      <field displayname="Version Number" name="versionnumber" type="bigint" />
      <field displayname="ZipCode" name="act_zipcode" type="string" customfield="true" />
    </fields>
    <relationships />
  </entity>
  <entity name="act_order" displayname="Order" etc="10412" primaryidfield="act_orderid" primarynamefield="act_ordernumber" disableplugins="false">
    <fields>
      <field displayname="Created By" name="createdby" type="entityreference" lookupType="systemuser" />
      <field displayname="Created By (Delegate)" name="createdonbehalfby" type="entityreference" lookupType="systemuser" />
      <field displayname="Created On" name="createdon" type="datetime" />
      <field displayname="Currency" name="transactioncurrencyid" type="entityreference" lookupType="transactioncurrency" />
      <field displayname="Customer Lookup" name="act_customer_lookup" type="entityreference" lookupType="act_customer" customfield="true" />
      <field displayname="Exchange Rate" name="exchangerate" type="decimal" />
      <field displayname="Import Sequence Number" name="importsequencenumber" type="number" />
      <field displayname="Modified By" name="modifiedby" type="entityreference" lookupType="systemuser" />
      <field displayname="Modified By (Delegate)" name="modifiedonbehalfby" type="entityreference" lookupType="systemuser" />
      <field displayname="Modified On" name="modifiedon" type="datetime" />
      <field displayname="OrderDate" name="act_orderdate" type="datetime" customfield="true" />
      <field displayname="OrderID" name="act_orderid" type="guid" primaryKey="true" />
      <field displayname="OrderNumber" name="act_ordernumber" type="string" customfield="true" />
      <field displayname="OrderTotal" name="act_ordertotal" type="money" customfield="true" />
      <field displayname="OrderTotal (Base)" name="act_ordertotal_base" type="money" customfield="true" />
      <field displayname="OrderTotal (Last Updated On)" name="act_ordertotal_date" type="datetime" customfield="true" />
      <field displayname="OrderTotal (State)" name="act_ordertotal_state" type="number" customfield="true" />
      <field displayname="Owner" name="ownerid" type="owner" />
      <field displayname="Owning Business Unit" name="owningbusinessunit" type="entityreference" lookupType="businessunit" />
      <field displayname="Owning Team" name="owningteam" type="entityreference" lookupType="team" />
      <field displayname="Owning User" name="owninguser" type="entityreference" lookupType="systemuser" />
      <field displayname="Record Created On" name="overriddencreatedon" type="datetime" />
      <field displayname="Status" name="statecode" type="state" />
      <field displayname="Status Reason" name="statuscode" type="status" />
      <field displayname="Time Zone Rule Version Number" name="timezoneruleversionnumber" type="number" />
      <field displayname="UTC Conversion Time Zone Code" name="utcconversiontimezonecode" type="number" />
      <field displayname="Version Number" name="versionnumber" type="bigint" />
    </fields>
    <relationships />
  </entity>
  <entity name="act_orderdetail" displayname="OrderDetail" etc="10342" primaryidfield="act_orderdetailid" primarynamefield="act_orderdetailnumber" disableplugins="false">
    <fields>
      <field displayname="Created By" name="createdby" type="entityreference" lookupType="systemuser" />
      <field displayname="Created By (Delegate)" name="createdonbehalfby" type="entityreference" lookupType="systemuser" />
      <field displayname="Created On" name="createdon" type="datetime" />
      <field displayname="Currency" name="transactioncurrencyid" type="entityreference" lookupType="transactioncurrency" />
      <field displayname="Exchange Rate" name="exchangerate" type="decimal" />
      <field displayname="Import Sequence Number" name="importsequencenumber" type="number" />
      <field displayname="LineItemTotal" name="act_lineitemtotal" type="money" customfield="true" />
      <field displayname="LineItemTotal (Base)" name="act_lineitemtotal_base" type="money" customfield="true" />
      <field displayname="Modified By" name="modifiedby" type="entityreference" lookupType="systemuser" />
      <field displayname="Modified By (Delegate)" name="modifiedonbehalfby" type="entityreference" lookupType="systemuser" />
      <field displayname="Modified On" name="modifiedon" type="datetime" />
      <field displayname="OrderDetailID" name="act_orderdetailid" type="guid" primaryKey="true" />
      <field displayname="OrderDetailNumber" name="act_orderdetailnumber" type="string" customfield="true" />
      <field displayname="OrderNumber" name="act_order_number" type="entityreference" lookupType="act_order" customfield="true" />
      <field displayname="Owner" name="ownerid" type="owner" />
      <field displayname="Owning Business Unit" name="owningbusinessunit" type="entityreference" lookupType="businessunit" />
      <field displayname="Owning Team" name="owningteam" type="entityreference" lookupType="team" />
      <field displayname="Owning User" name="owninguser" type="entityreference" lookupType="systemuser" />
      <field displayname="Price" name="act_price" type="money" customfield="true" />
      <field displayname="Price (Base)" name="act_price_base" type="money" customfield="true" />
      <field displayname="Product Lookup" name="act_product_lookup" type="entityreference" lookupType="act_product" customfield="true" />
      <field displayname="Quantity" name="act_quantity" type="number" customfield="true" />
      <field displayname="Record Created On" name="overriddencreatedon" type="datetime" />
      <field displayname="Status" name="statecode" type="state" />
      <field displayname="Status Reason" name="statuscode" type="status" />
      <field displayname="Time Zone Rule Version Number" name="timezoneruleversionnumber" type="number" />
      <field displayname="UTC Conversion Time Zone Code" name="utcconversiontimezonecode" type="number" />
      <field displayname="Version Number" name="versionnumber" type="bigint" />
    </fields>
    <relationships />
  </entity>
  <entity name="act_product" displayname="Product" etc="10378" primaryidfield="act_productid" primarynamefield="act_productnumber" disableplugins="false">
    <fields>
      <field displayname="Cost" name="act_cost" type="money" customfield="true" />
      <field displayname="Cost (Base)" name="act_cost_base" type="money" customfield="true" />
      <field displayname="Created By" name="createdby" type="entityreference" lookupType="systemuser" />
      <field displayname="Created By (Delegate)" name="createdonbehalfby" type="entityreference" lookupType="systemuser" />
      <field displayname="Created On" name="createdon" type="datetime" />
      <field displayname="Currency" name="transactioncurrencyid" type="entityreference" lookupType="transactioncurrency" />
      <field displayname="Exchange Rate" name="exchangerate" type="decimal" />
      <field displayname="Import Sequence Number" name="importsequencenumber" type="number" />
      <field displayname="Modified By" name="modifiedby" type="entityreference" lookupType="systemuser" />
      <field displayname="Modified By (Delegate)" name="modifiedonbehalfby" type="entityreference" lookupType="systemuser" />
      <field displayname="Modified On" name="modifiedon" type="datetime" />
      <field displayname="Owner" name="ownerid" type="owner" />
      <field displayname="Owning Business Unit" name="owningbusinessunit" type="entityreference" lookupType="businessunit" />
      <field displayname="Owning Team" name="owningteam" type="entityreference" lookupType="team" />
      <field displayname="Owning User" name="owninguser" type="entityreference" lookupType="systemuser" />
      <field displayname="ProductID" name="act_productid" type="guid" primaryKey="true" />
      <field displayname="ProductName" name="act_productname" type="string" customfield="true" />
      <field displayname="ProductNumber" name="act_productnumber" type="string" customfield="true" />
      <field displayname="Record Created On" name="overriddencreatedon" type="datetime" />
      <field displayname="SalesPrice" name="act_salesprice" type="money" customfield="true" />
      <field displayname="SalesPrice (Base)" name="act_salesprice_base" type="money" customfield="true" />
      <field displayname="Status" name="statecode" type="state" />
      <field displayname="Status Reason" name="statuscode" type="status" />
      <field displayname="Time Zone Rule Version Number" name="timezoneruleversionnumber" type="number" />
      <field displayname="UTC Conversion Time Zone Code" name="utcconversiontimezonecode" type="number" />
      <field displayname="Version Number" name="versionnumber" type="bigint" />
    </fields>
    <relationships />
  </entity>
</entities>