<Map Name="OnlineShoppingIntent" Source="Import"><Description>Data map created automatically using the map settings specified during an import.</Description><EntitiesPerFile>Single</EntitiesPerFile><EntityMaps><EntityMap TargetEntityName="aib_onlineshopperintention" SourceEntityName="aib_shoppinglist" Dedupe="Ignore" ProcessCode="Process"><AttributeMaps><AttributeMap><SourceAttributeName>aib_SpecialDay</SourceAttributeName><TargetAttributeName>aib_specialday</TargetAttributeName><ProcessCode>Process</ProcessCode></AttributeMap><AttributeMap><SourceAttributeName>aib_BounceRates</SourceAttributeName><TargetAttributeName>aib_bouncerates</TargetAttributeName><ProcessCode>Process</ProcessCode></AttributeMap><AttributeMap><SourceAttributeName>aib_ProductRelated_Duration</SourceAttributeName><TargetAttributeName>aib_productrelated_duration</TargetAttributeName><ProcessCode>Process</ProcessCode></AttributeMap><AttributeMap><SourceAttributeName>aib_Revenue</SourceAttributeName><TargetAttributeName>aib_revenue</TargetAttributeName><ProcessCode>Process</ProcessCode><PicklistMaps><PicklistMap><SourceValue>FALSE</SourceValue><TargetValue>0</TargetValue><ProcessCode>Process</ProcessCode></PicklistMap><PicklistMap><SourceValue /><TargetValue /><ProcessCode>Ignore</ProcessCode></PicklistMap><PicklistMap><SourceValue>TRUE</SourceValue><TargetValue>1</TargetValue><ProcessCode>Process</ProcessCode></PicklistMap></PicklistMaps></AttributeMap><AttributeMap><SourceAttributeName>aib_ProductRelated</SourceAttributeName><TargetAttributeName>aib_productrelated</TargetAttributeName><ProcessCode>Process</ProcessCode></AttributeMap><AttributeMap><SourceAttributeName>aib_OperatingSystems</SourceAttributeName><TargetAttributeName>aib_operatingsystems</TargetAttributeName><ProcessCode>Process</ProcessCode></AttributeMap><AttributeMap><SourceAttributeName>aib_name</SourceAttributeName><TargetAttributeName>aib_name</TargetAttributeName><ProcessCode>Process</ProcessCode></AttributeMap><AttributeMap><SourceAttributeName>aib_TrafficType</SourceAttributeName><TargetAttributeName>aib_traffictype</TargetAttributeName><ProcessCode>Process</ProcessCode></AttributeMap><AttributeMap><SourceAttributeName>aib_Informational</SourceAttributeName><TargetAttributeName>aib_informational</TargetAttributeName><ProcessCode>Process</ProcessCode></AttributeMap><AttributeMap><SourceAttributeName>aib_Region</SourceAttributeName><TargetAttributeName>aib_region</TargetAttributeName><ProcessCode>Process</ProcessCode></AttributeMap><AttributeMap><SourceAttributeName>aib_Informational_Duration</SourceAttributeName><TargetAttributeName>aib_informational_duration</TargetAttributeName><ProcessCode>Process</ProcessCode></AttributeMap><AttributeMap><SourceAttributeName>aib_Weekend</SourceAttributeName><TargetAttributeName>aib_weekend</TargetAttributeName><ProcessCode>Process</ProcessCode><PicklistMaps><PicklistMap><SourceValue>FALSE</SourceValue><TargetValue>0</TargetValue><ProcessCode>Process</ProcessCode></PicklistMap><PicklistMap><SourceValue>TRUE</SourceValue><TargetValue>1</TargetValue><ProcessCode>Process</ProcessCode></PicklistMap></PicklistMaps></AttributeMap><AttributeMap><SourceAttributeName>aib_VisitorType</SourceAttributeName><TargetAttributeName>aib_visitortype</TargetAttributeName><ProcessCode>Process</ProcessCode></AttributeMap><AttributeMap><SourceAttributeName>aib_Administrative</SourceAttributeName><TargetAttributeName>aib_administrative</TargetAttributeName><ProcessCode>Process</ProcessCode></AttributeMap><AttributeMap><SourceAttributeName>aib_PageValues</SourceAttributeName><TargetAttributeName>aib_pagevalues</TargetAttributeName><ProcessCode>Process</ProcessCode></AttributeMap><AttributeMap><SourceAttributeName>aib_Month</SourceAttributeName><TargetAttributeName>aib_month</TargetAttributeName><ProcessCode>Process</ProcessCode></AttributeMap><AttributeMap><SourceAttributeName>aib_Browser</SourceAttributeName><TargetAttributeName>aib_browser</TargetAttributeName><ProcessCode>Process</ProcessCode></AttributeMap><AttributeMap><SourceAttributeName>aib_ExitRates</SourceAttributeName><TargetAttributeName>aib_exitrates</TargetAttributeName><ProcessCode>Process</ProcessCode></AttributeMap><AttributeMap><SourceAttributeName>aib_Administrative_Duration</SourceAttributeName><TargetAttributeName>aib_administrative_duration</TargetAttributeName><ProcessCode>Process</ProcessCode></AttributeMap></AttributeMaps></EntityMap></EntityMaps></Map>