<Map Name="customers" Source="Import"><Description>Data map created automatically using the map settings specified during an import.</Description><EntitiesPerFile>Single</EntitiesPerFile><EntityMaps><EntityMap TargetEntityName="aib_customer" SourceEntityName="customers" Dedupe="Ignore" ProcessCode="Process"><AttributeMaps><AttributeMap><SourceAttributeName>customer_id</SourceAttributeName><TargetAttributeName>aib_id</TargetAttributeName><ProcessCode>Process</ProcessCode></AttributeMap><AttributeMap><SourceAttributeName>customer_state</SourceAttributeName><TargetAttributeName>aib_state</TargetAttributeName><ProcessCode>Process</ProcessCode></AttributeMap><AttributeMap><SourceAttributeName>customer_zip_code_prefix</SourceAttributeName><TargetAttributeName>aib_zipcode</TargetAttributeName><ProcessCode>Process</ProcessCode></AttributeMap><AttributeMap><SourceAttributeName>customer_city</SourceAttributeName><TargetAttributeName>aib_city</TargetAttributeName><ProcessCode>Process</ProcessCode></AttributeMap></AttributeMaps></EntityMap></EntityMaps></Map>