<Map Name="CampusImportDataMap" Source="Import">
  <Description>Data map created automatically using the map settings specified during an import.</Description>
  <EntitiesPerFile>Single</EntitiesPerFile>
  <EntityMaps>
    <EntityMap TargetEntityName="bc_visit" SourceEntityName="VisitPending" Dedupe="Ignore" ProcessCode="Process">
      <AttributeMaps>
        <AttributeMap>
          <SourceAttributeName>Visitor</SourceAttributeName>
          <TargetAttributeName>bc_visitor</TargetAttributeName>
          <ProcessCode>Process</ProcessCode>
          <LookupMaps>
            <LookupMap>
              <LookupType>System</LookupType>
              <LookupEntityName>contact</LookupEntityName>
              <LookupAttributeName>contactid</LookupAttributeName>
              <ProcessCode>Process</ProcessCode>
            </LookupMap>
            <LookupMap>
              <LookupType>Source</LookupType>
              <LookupEntityName>Contact</LookupEntityName>
              <LookupAttributeName>Last Name</LookupAttributeName>
              <ProcessCode>Internal</ProcessCode>
            </LookupMap>
            <LookupMap>
              <LookupType>Source</LookupType>
              <LookupEntityName>Contact</LookupEntityName>
              <LookupAttributeName>First Name</LookupAttributeName>
              <ProcessCode>Internal</ProcessCode>
            </LookupMap>
            <LookupMap>
              <LookupType>System</LookupType>
              <LookupEntityName>contact</LookupEntityName>
              <LookupAttributeName>fullname</LookupAttributeName>
              <ProcessCode>Process</ProcessCode>
            </LookupMap>
          </LookupMaps>
        </AttributeMap>
        <AttributeMap>
          <SourceAttributeName>Status Reason</SourceAttributeName>
          <TargetAttributeName>statuscode</TargetAttributeName>
          <ProcessCode>Process</ProcessCode>
          <PicklistMaps>
            <PicklistMap>
              <SourceValue>Active</SourceValue>
              <TargetValue>1</TargetValue>
              <ProcessCode>Process</ProcessCode>
            </PicklistMap>
            <PicklistMap>
              <SourceValue>Inactive</SourceValue>
              <TargetValue>2</TargetValue>
              <ProcessCode>Process</ProcessCode>
            </PicklistMap>
          </PicklistMaps>
        </AttributeMap>
        <AttributeMap>
          <SourceAttributeName>Name</SourceAttributeName>
          <TargetAttributeName>bc_name</TargetAttributeName>
          <ProcessCode>Process</ProcessCode>
        </AttributeMap>
        <AttributeMap>
          <SourceAttributeName>Actual End</SourceAttributeName>
          <TargetAttributeName>bc_actualstart</TargetAttributeName>
          <ProcessCode>Process</ProcessCode>
        </AttributeMap>
        <AttributeMap>
          <SourceAttributeName>Actual Start</SourceAttributeName>
          <TargetAttributeName>bc_actualend</TargetAttributeName>
          <ProcessCode>Process</ProcessCode>
        </AttributeMap>
        <AttributeMap>
          <SourceAttributeName>Scheduled End</SourceAttributeName>
          <TargetAttributeName></TargetAttributeName>
          <ProcessCode>Ignore</ProcessCode>
        </AttributeMap>
        <AttributeMap>
          <SourceAttributeName>Scheduled Start</SourceAttributeName>
          <TargetAttributeName></TargetAttributeName>
          <ProcessCode>Ignore</ProcessCode>
        </AttributeMap>
        <AttributeMap>
          <SourceAttributeName>Status</SourceAttributeName>
          <TargetAttributeName>statecode</TargetAttributeName>
          <ProcessCode>Process</ProcessCode>
          <PicklistMaps>
            <PicklistMap>
              <SourceValue>Inactive</SourceValue>
              <TargetValue>1</TargetValue>
              <ProcessCode>Process</ProcessCode>
            </PicklistMap>
            <PicklistMap>
              <SourceValue>Active</SourceValue>
              <TargetValue>0</TargetValue>
              <ProcessCode>Process</ProcessCode>
            </PicklistMap>
          </PicklistMaps>
        </AttributeMap>
        <AttributeMap>
          <SourceAttributeName>Building</SourceAttributeName>
          <TargetAttributeName>bc_building</TargetAttributeName>
          <ProcessCode>Process</ProcessCode>
          <LookupMaps>
            <LookupMap>
              <LookupType>System</LookupType>
              <LookupEntityName>bc_building</LookupEntityName>
              <LookupAttributeName>bc_name</LookupAttributeName>
              <ProcessCode>Process</ProcessCode>
            </LookupMap>
            <LookupMap>
              <LookupType>System</LookupType>
              <LookupEntityName>bc_building</LookupEntityName>
              <LookupAttributeName>bc_buildingid</LookupAttributeName>
              <ProcessCode>Process</ProcessCode>
            </LookupMap>
            <LookupMap>
              <LookupType>Source</LookupType>
              <LookupEntityName>Building</LookupEntityName>
              <LookupAttributeName>Name</LookupAttributeName>
              <ProcessCode>Process</ProcessCode>
            </LookupMap>
          </LookupMaps>
        </AttributeMap>
      </AttributeMaps>
      <TransformationMaps>
        <TransformationMap>
          <TransformationTypeName>Microsoft.Crm.Transformations.AddToCurrentDate</TransformationTypeName>
          <ProcessCode>Process</ProcessCode>
          <InputParameterMaps>
            <SingletonInputParameterMaps>
              <SingletonInputParameterMap>
                <ParameterSequence>1</ParameterSequence>
                <DataTypeCode>Reference</DataTypeCode>
                <Data>Year1</Data>
              </SingletonInputParameterMap>
              <SingletonInputParameterMap>
                <ParameterSequence>2</ParameterSequence>
                <DataTypeCode>Reference</DataTypeCode>
                <Data>Month1</Data>
              </SingletonInputParameterMap>
              <SingletonInputParameterMap>
                <ParameterSequence>3</ParameterSequence>
                <DataTypeCode>Reference</DataTypeCode>
                <Data>Day1</Data>
              </SingletonInputParameterMap>
              <SingletonInputParameterMap>
                <ParameterSequence>4</ParameterSequence>
                <DataTypeCode>Reference</DataTypeCode>
                <Data>Hour1</Data>
              </SingletonInputParameterMap>
              <SingletonInputParameterMap>
                <ParameterSequence>5</ParameterSequence>
                <DataTypeCode>Reference</DataTypeCode>
                <Data>Minute1</Data>
              </SingletonInputParameterMap>
              <SingletonInputParameterMap>
                <ParameterSequence>6</ParameterSequence>
                <DataTypeCode>Reference</DataTypeCode>
                <Data>Second1</Data>
              </SingletonInputParameterMap>
              <SingletonInputParameterMap>
                <ParameterSequence>7</ParameterSequence>
                <DataTypeCode>Reference</DataTypeCode>
                <Data>DayOfWeek1</Data>
              </SingletonInputParameterMap>
            </SingletonInputParameterMaps>
            <ArrayInputParameterMaps />
          </InputParameterMaps>
          <OutputParameterMaps>
            <OutputParameterMap>
              <ParameterSequence>1</ParameterSequence>
              <Data>bc_scheduledstart</Data>
            </OutputParameterMap>
          </OutputParameterMaps>
        </TransformationMap>
        <TransformationMap>
          <TransformationTypeName>Microsoft.Crm.Transformations.AddToCurrentDate</TransformationTypeName>
          <ProcessCode>Process</ProcessCode>
          <InputParameterMaps>
            <SingletonInputParameterMaps>
              <SingletonInputParameterMap>
                <ParameterSequence>1</ParameterSequence>
                <DataTypeCode>Reference</DataTypeCode>
                <Data>Year1</Data>
              </SingletonInputParameterMap>
              <SingletonInputParameterMap>
                <ParameterSequence>2</ParameterSequence>
                <DataTypeCode>Reference</DataTypeCode>
                <Data>Month1</Data>
              </SingletonInputParameterMap>
              <SingletonInputParameterMap>
                <ParameterSequence>3</ParameterSequence>
                <DataTypeCode>Reference</DataTypeCode>
                <Data>Day1</Data>
              </SingletonInputParameterMap>
              <SingletonInputParameterMap>
                <ParameterSequence>4</ParameterSequence>
                <DataTypeCode>Reference</DataTypeCode>
                <Data>Hour2</Data>
              </SingletonInputParameterMap>
              <SingletonInputParameterMap>
                <ParameterSequence>5</ParameterSequence>
                <DataTypeCode>Reference</DataTypeCode>
                <Data>Minute2</Data>
              </SingletonInputParameterMap>
              <SingletonInputParameterMap>
                <ParameterSequence>6</ParameterSequence>
                <DataTypeCode>Reference</DataTypeCode>
                <Data>Second1</Data>
              </SingletonInputParameterMap>
              <SingletonInputParameterMap>
                <ParameterSequence>7</ParameterSequence>
                <DataTypeCode>Reference</DataTypeCode>
                <Data>DayOfWeek1</Data>
              </SingletonInputParameterMap>
            </SingletonInputParameterMaps>
            <ArrayInputParameterMaps />
          </InputParameterMaps>
          <OutputParameterMaps>
            <OutputParameterMap>
              <ParameterSequence>1</ParameterSequence>
              <Data>bc_scheduledend</Data>
            </OutputParameterMap>
          </OutputParameterMaps>
        </TransformationMap>
      </TransformationMaps>
    </EntityMap>
    <EntityMap TargetEntityName="bc_visit" SourceEntityName="VisitDone" Dedupe="Ignore" ProcessCode="Process">
      <AttributeMaps>
        <AttributeMap>
          <SourceAttributeName>Visitor</SourceAttributeName>
          <TargetAttributeName>bc_visitor</TargetAttributeName>
          <ProcessCode>Process</ProcessCode>
          <LookupMaps>
            <LookupMap>
              <LookupType>System</LookupType>
              <LookupEntityName>contact</LookupEntityName>
              <LookupAttributeName>contactid</LookupAttributeName>
              <ProcessCode>Process</ProcessCode>
            </LookupMap>
            <LookupMap>
              <LookupType>Source</LookupType>
              <LookupEntityName>Contact</LookupEntityName>
              <LookupAttributeName>Last Name</LookupAttributeName>
              <ProcessCode>Internal</ProcessCode>
            </LookupMap>
            <LookupMap>
              <LookupType>Source</LookupType>
              <LookupEntityName>Contact</LookupEntityName>
              <LookupAttributeName>First Name</LookupAttributeName>
              <ProcessCode>Internal</ProcessCode>
            </LookupMap>
            <LookupMap>
              <LookupType>System</LookupType>
              <LookupEntityName>contact</LookupEntityName>
              <LookupAttributeName>fullname</LookupAttributeName>
              <ProcessCode>Process</ProcessCode>
            </LookupMap>
          </LookupMaps>
        </AttributeMap>
        <AttributeMap>
          <SourceAttributeName>Status Reason</SourceAttributeName>
          <TargetAttributeName>statuscode</TargetAttributeName>
          <ProcessCode>Process</ProcessCode>
          <PicklistMaps>
            <PicklistMap>
              <SourceValue>Active</SourceValue>
              <TargetValue>1</TargetValue>
              <ProcessCode>Process</ProcessCode>
            </PicklistMap>
            <PicklistMap>
              <SourceValue>Inactive</SourceValue>
              <TargetValue>2</TargetValue>
              <ProcessCode>Process</ProcessCode>
            </PicklistMap>
          </PicklistMaps>
        </AttributeMap>
        <AttributeMap>
          <SourceAttributeName>Name</SourceAttributeName>
          <TargetAttributeName>bc_name</TargetAttributeName>
          <ProcessCode>Process</ProcessCode>
        </AttributeMap>
        <AttributeMap>
          <SourceAttributeName>Actual End</SourceAttributeName>
          <TargetAttributeName></TargetAttributeName>
          <ProcessCode>Ignore</ProcessCode>
        </AttributeMap>
        <AttributeMap>
          <SourceAttributeName>Actual Start</SourceAttributeName>
          <TargetAttributeName></TargetAttributeName>
          <ProcessCode>Ignore</ProcessCode>
        </AttributeMap>
        <AttributeMap>
          <SourceAttributeName>Scheduled End</SourceAttributeName>
          <TargetAttributeName></TargetAttributeName>
          <ProcessCode>Ignore</ProcessCode>
        </AttributeMap>
        <AttributeMap>
          <SourceAttributeName>Scheduled Start</SourceAttributeName>
          <TargetAttributeName></TargetAttributeName>
          <ProcessCode>Ignore</ProcessCode>
        </AttributeMap>
        <AttributeMap>
          <SourceAttributeName>Status</SourceAttributeName>
          <TargetAttributeName>statecode</TargetAttributeName>
          <ProcessCode>Process</ProcessCode>
          <PicklistMaps>
            <PicklistMap>
              <SourceValue>Inactive</SourceValue>
              <TargetValue>1</TargetValue>
              <ProcessCode>Process</ProcessCode>
            </PicklistMap>
            <PicklistMap>
              <SourceValue>Active</SourceValue>
              <TargetValue>0</TargetValue>
              <ProcessCode>Process</ProcessCode>
            </PicklistMap>
          </PicklistMaps>
        </AttributeMap>
        <AttributeMap>
          <SourceAttributeName>Building</SourceAttributeName>
          <TargetAttributeName>bc_building</TargetAttributeName>
          <ProcessCode>Process</ProcessCode>
          <LookupMaps>
            <LookupMap>
              <LookupType>System</LookupType>
              <LookupEntityName>bc_building</LookupEntityName>
              <LookupAttributeName>bc_name</LookupAttributeName>
              <ProcessCode>Process</ProcessCode>
            </LookupMap>
            <LookupMap>
              <LookupType>System</LookupType>
              <LookupEntityName>bc_building</LookupEntityName>
              <LookupAttributeName>bc_buildingid</LookupAttributeName>
              <ProcessCode>Process</ProcessCode>
            </LookupMap>
            <LookupMap>
              <LookupType>Source</LookupType>
              <LookupEntityName>Building</LookupEntityName>
              <LookupAttributeName>Name</LookupAttributeName>
              <ProcessCode>Process</ProcessCode>
            </LookupMap>
          </LookupMaps>
        </AttributeMap>
      </AttributeMaps>
      <TransformationMaps>
        <TransformationMap>
          <TransformationTypeName>Microsoft.Crm.Transformations.AddToCurrentDate</TransformationTypeName>
          <ProcessCode>Process</ProcessCode>
          <InputParameterMaps>
            <SingletonInputParameterMaps>
              <SingletonInputParameterMap>
                <ParameterSequence>1</ParameterSequence>
                <DataTypeCode>Reference</DataTypeCode>
                <Data>Year1</Data>
              </SingletonInputParameterMap>
              <SingletonInputParameterMap>
                <ParameterSequence>2</ParameterSequence>
                <DataTypeCode>Reference</DataTypeCode>
                <Data>Month1</Data>
              </SingletonInputParameterMap>
              <SingletonInputParameterMap>
                <ParameterSequence>3</ParameterSequence>
                <DataTypeCode>Reference</DataTypeCode>
                <Data>Day1</Data>
              </SingletonInputParameterMap>
              <SingletonInputParameterMap>
                <ParameterSequence>4</ParameterSequence>
                <DataTypeCode>Reference</DataTypeCode>
                <Data>Hour1</Data>
              </SingletonInputParameterMap>
              <SingletonInputParameterMap>
                <ParameterSequence>5</ParameterSequence>
                <DataTypeCode>Reference</DataTypeCode>
                <Data>Minute1</Data>
              </SingletonInputParameterMap>
              <SingletonInputParameterMap>
                <ParameterSequence>6</ParameterSequence>
                <DataTypeCode>Reference</DataTypeCode>
                <Data>Second1</Data>
              </SingletonInputParameterMap>
              <SingletonInputParameterMap>
                <ParameterSequence>7</ParameterSequence>
                <DataTypeCode>Reference</DataTypeCode>
                <Data>DayOfWeek1</Data>
              </SingletonInputParameterMap>
            </SingletonInputParameterMaps>
            <ArrayInputParameterMaps />
          </InputParameterMaps>
          <OutputParameterMaps>
            <OutputParameterMap>
              <ParameterSequence>1</ParameterSequence>
              <Data>bc_scheduledstart</Data>
            </OutputParameterMap>
          </OutputParameterMaps>
        </TransformationMap>
        <TransformationMap>
          <TransformationTypeName>Microsoft.Crm.Transformations.AddToCurrentDate</TransformationTypeName>
          <ProcessCode>Process</ProcessCode>
          <InputParameterMaps>
            <SingletonInputParameterMaps>
              <SingletonInputParameterMap>
                <ParameterSequence>1</ParameterSequence>
                <DataTypeCode>Reference</DataTypeCode>
                <Data>Year2</Data>
              </SingletonInputParameterMap>
              <SingletonInputParameterMap>
                <ParameterSequence>2</ParameterSequence>
                <DataTypeCode>Reference</DataTypeCode>
                <Data>Month2</Data>
              </SingletonInputParameterMap>
              <SingletonInputParameterMap>
                <ParameterSequence>3</ParameterSequence>
                <DataTypeCode>Reference</DataTypeCode>
                <Data>Day2</Data>
              </SingletonInputParameterMap>
              <SingletonInputParameterMap>
                <ParameterSequence>4</ParameterSequence>
                <DataTypeCode>Reference</DataTypeCode>
                <Data>Hour4</Data>
              </SingletonInputParameterMap>
              <SingletonInputParameterMap>
                <ParameterSequence>5</ParameterSequence>
                <DataTypeCode>Reference</DataTypeCode>
                <Data>Minute4</Data>
              </SingletonInputParameterMap>
              <SingletonInputParameterMap>
                <ParameterSequence>6</ParameterSequence>
                <DataTypeCode>Reference</DataTypeCode>
                <Data>Second2</Data>
              </SingletonInputParameterMap>
              <SingletonInputParameterMap>
                <ParameterSequence>7</ParameterSequence>
                <DataTypeCode>Reference</DataTypeCode>
                <Data>DayOfWeek2</Data>
              </SingletonInputParameterMap>
            </SingletonInputParameterMaps>
            <ArrayInputParameterMaps />
          </InputParameterMaps>
          <OutputParameterMaps>
            <OutputParameterMap>
              <ParameterSequence>1</ParameterSequence>
              <Data>bc_actualend</Data>
            </OutputParameterMap>
          </OutputParameterMaps>
        </TransformationMap>
        <TransformationMap>
          <TransformationTypeName>Microsoft.Crm.Transformations.AddToCurrentDate</TransformationTypeName>
          <ProcessCode>Process</ProcessCode>
          <InputParameterMaps>
            <SingletonInputParameterMaps>
              <SingletonInputParameterMap>
                <ParameterSequence>1</ParameterSequence>
                <DataTypeCode>Reference</DataTypeCode>
                <Data>Year1</Data>
              </SingletonInputParameterMap>
              <SingletonInputParameterMap>
                <ParameterSequence>2</ParameterSequence>
                <DataTypeCode>Reference</DataTypeCode>
                <Data>Month1</Data>
              </SingletonInputParameterMap>
              <SingletonInputParameterMap>
                <ParameterSequence>3</ParameterSequence>
                <DataTypeCode>Reference</DataTypeCode>
                <Data>Day1</Data>
              </SingletonInputParameterMap>
              <SingletonInputParameterMap>
                <ParameterSequence>4</ParameterSequence>
                <DataTypeCode>Reference</DataTypeCode>
                <Data>Hour2</Data>
              </SingletonInputParameterMap>
              <SingletonInputParameterMap>
                <ParameterSequence>5</ParameterSequence>
                <DataTypeCode>Reference</DataTypeCode>
                <Data>Minute2</Data>
              </SingletonInputParameterMap>
              <SingletonInputParameterMap>
                <ParameterSequence>6</ParameterSequence>
                <DataTypeCode>Reference</DataTypeCode>
                <Data>Second1</Data>
              </SingletonInputParameterMap>
              <SingletonInputParameterMap>
                <ParameterSequence>7</ParameterSequence>
                <DataTypeCode>Reference</DataTypeCode>
                <Data>DayOfWeek1</Data>
              </SingletonInputParameterMap>
            </SingletonInputParameterMaps>
            <ArrayInputParameterMaps />
          </InputParameterMaps>
          <OutputParameterMaps>
            <OutputParameterMap>
              <ParameterSequence>1</ParameterSequence>
              <Data>bc_scheduledend</Data>
            </OutputParameterMap>
          </OutputParameterMaps>
        </TransformationMap>
        <TransformationMap>
          <TransformationTypeName>Microsoft.Crm.Transformations.AddToCurrentDate</TransformationTypeName>
          <ProcessCode>Process</ProcessCode>
          <InputParameterMaps>
            <SingletonInputParameterMaps>
              <SingletonInputParameterMap>
                <ParameterSequence>1</ParameterSequence>
                <DataTypeCode>Reference</DataTypeCode>
                <Data>Year2</Data>
              </SingletonInputParameterMap>
              <SingletonInputParameterMap>
                <ParameterSequence>2</ParameterSequence>
                <DataTypeCode>Reference</DataTypeCode>
                <Data>Month2</Data>
              </SingletonInputParameterMap>
              <SingletonInputParameterMap>
                <ParameterSequence>3</ParameterSequence>
                <DataTypeCode>Reference</DataTypeCode>
                <Data>Day2</Data>
              </SingletonInputParameterMap>
              <SingletonInputParameterMap>
                <ParameterSequence>4</ParameterSequence>
                <DataTypeCode>Reference</DataTypeCode>
                <Data>Hour3</Data>
              </SingletonInputParameterMap>
              <SingletonInputParameterMap>
                <ParameterSequence>5</ParameterSequence>
                <DataTypeCode>Reference</DataTypeCode>
                <Data>Minute3</Data>
              </SingletonInputParameterMap>
              <SingletonInputParameterMap>
                <ParameterSequence>6</ParameterSequence>
                <DataTypeCode>Reference</DataTypeCode>
                <Data>Second2</Data>
              </SingletonInputParameterMap>
              <SingletonInputParameterMap>
                <ParameterSequence>7</ParameterSequence>
                <DataTypeCode>Reference</DataTypeCode>
                <Data>DayOfWeek2</Data>
              </SingletonInputParameterMap>
            </SingletonInputParameterMaps>
            <ArrayInputParameterMaps />
          </InputParameterMaps>
          <OutputParameterMaps>
            <OutputParameterMap>
              <ParameterSequence>1</ParameterSequence>
              <Data>bc_actualstart</Data>
            </OutputParameterMap>
          </OutputParameterMaps>
        </TransformationMap>
      </TransformationMaps>
    </EntityMap>
    <EntityMap TargetEntityName="contact" SourceEntityName="Contact" Dedupe="Ignore" ProcessCode="Process">
      <AttributeMaps>
        <AttributeMap>
          <SourceAttributeName>Birthday</SourceAttributeName>
          <TargetAttributeName>birthdate</TargetAttributeName>
          <ProcessCode>Process</ProcessCode>
        </AttributeMap>
        <AttributeMap>
          <SourceAttributeName>First Name</SourceAttributeName>
          <TargetAttributeName>firstname</TargetAttributeName>
          <ProcessCode>Process</ProcessCode>
        </AttributeMap>
        <AttributeMap>
          <SourceAttributeName>Email</SourceAttributeName>
          <TargetAttributeName>emailaddress1</TargetAttributeName>
          <ProcessCode>Process</ProcessCode>
        </AttributeMap>
        <AttributeMap>
          <SourceAttributeName>Last Name</SourceAttributeName>
          <TargetAttributeName>lastname</TargetAttributeName>
          <ProcessCode>Process</ProcessCode>
        </AttributeMap>
        <AttributeMap>
          <SourceAttributeName>Address 1: State/Province</SourceAttributeName>
          <TargetAttributeName>address1_stateorprovince</TargetAttributeName>
          <ProcessCode>Process</ProcessCode>
        </AttributeMap>
        <AttributeMap>
          <SourceAttributeName>Anniversary</SourceAttributeName>
          <TargetAttributeName>anniversary</TargetAttributeName>
          <ProcessCode>Process</ProcessCode>
        </AttributeMap>
        <AttributeMap>
          <SourceAttributeName>Address 1: Country/Region</SourceAttributeName>
          <TargetAttributeName>address1_country</TargetAttributeName>
          <ProcessCode>Process</ProcessCode>
        </AttributeMap>
        <AttributeMap>
          <SourceAttributeName>Marital Status</SourceAttributeName>
          <TargetAttributeName>familystatuscode</TargetAttributeName>
          <ProcessCode>Process</ProcessCode>
          <PicklistMaps>
            <PicklistMap>
              <SourceValue>Divorced</SourceValue>
              <TargetValue>3</TargetValue>
              <ProcessCode>Process</ProcessCode>
            </PicklistMap>
            <PicklistMap>
              <SourceValue>Married</SourceValue>
              <TargetValue>2</TargetValue>
              <ProcessCode>Process</ProcessCode>
            </PicklistMap>
            <PicklistMap>
              <SourceValue>Single</SourceValue>
              <TargetValue>1</TargetValue>
              <ProcessCode>Process</ProcessCode>
            </PicklistMap>
          </PicklistMaps>
        </AttributeMap>
        <AttributeMap>
          <SourceAttributeName>Address 1: Street 1</SourceAttributeName>
          <TargetAttributeName>address1_line1</TargetAttributeName>
          <ProcessCode>Process</ProcessCode>
        </AttributeMap>
        <AttributeMap>
          <SourceAttributeName>Home Phone</SourceAttributeName>
          <TargetAttributeName>telephone2</TargetAttributeName>
          <ProcessCode>Process</ProcessCode>
        </AttributeMap>
        <AttributeMap>
          <SourceAttributeName>Spouse/Partner Name</SourceAttributeName>
          <TargetAttributeName>spousesname</TargetAttributeName>
          <ProcessCode>Process</ProcessCode>
        </AttributeMap>
        <AttributeMap>
          <SourceAttributeName>Address 1: ZIP/Postal Code</SourceAttributeName>
          <TargetAttributeName>address1_postalcode</TargetAttributeName>
          <ProcessCode>Process</ProcessCode>
        </AttributeMap>
        <AttributeMap>
          <SourceAttributeName>Gender</SourceAttributeName>
          <TargetAttributeName>gendercode</TargetAttributeName>
          <ProcessCode>Process</ProcessCode>
          <PicklistMaps>
            <PicklistMap>
              <SourceValue>Female</SourceValue>
              <TargetValue>2</TargetValue>
              <ProcessCode>Process</ProcessCode>
            </PicklistMap>
            <PicklistMap>
              <SourceValue>Male</SourceValue>
              <TargetValue>1</TargetValue>
              <ProcessCode>Process</ProcessCode>
            </PicklistMap>
          </PicklistMaps>
        </AttributeMap>
        <AttributeMap>
          <SourceAttributeName>Job Title</SourceAttributeName>
          <TargetAttributeName>jobtitle</TargetAttributeName>
          <ProcessCode>Process</ProcessCode>
        </AttributeMap>
        <AttributeMap>
          <SourceAttributeName>Address 1: City</SourceAttributeName>
          <TargetAttributeName>address1_city</TargetAttributeName>
          <ProcessCode>Process</ProcessCode>
        </AttributeMap>
      </AttributeMaps>
    </EntityMap>
    <EntityMap TargetEntityName="bc_building" SourceEntityName="Building" Dedupe="Ignore" ProcessCode="Process">
      <AttributeMaps>
        <AttributeMap>
          <SourceAttributeName>Status</SourceAttributeName>
          <TargetAttributeName>statecode</TargetAttributeName>
          <ProcessCode>Process</ProcessCode>
          <PicklistMaps>
            <PicklistMap>
              <SourceValue>Active</SourceValue>
              <TargetValue>0</TargetValue>
              <ProcessCode>Process</ProcessCode>
            </PicklistMap>
          </PicklistMaps>
        </AttributeMap>
        <AttributeMap>
          <SourceAttributeName>Name</SourceAttributeName>
          <TargetAttributeName>bc_name</TargetAttributeName>
          <ProcessCode>Process</ProcessCode>
        </AttributeMap>
      </AttributeMaps>
    </EntityMap>
  </EntityMaps>
</Map>